hoogte_m,bal_stuiter,bal_tennis,bal_pingpong,stuiters
1.2,0,1,0,8
1.2,0,1,0,8
1.7,1,0,0,18
1.6,0,0,0,2
1.7,0,0,0,2
1.7,0,0,1,24
1.2,0,0,1,25
1.5,1,0,0,18
1.4,0,0,1,25
1.5,0,1,0,7
1.5,1,0,0,18
1.8,0,0,1,26
1.8,0,0,1,26
1.4,0,1,0,9
1.4,0,1,0,10
1.9,0,0,0,2
1.0,1,0,0,18
1.5,0,1,0,6
1.3,0,1,0,6
1.4,1,0,0,22
1.2,1,0,0,21
1.3,1,0,0,21
1.5,0,1,0,6
1.5,0,1,0,6
1.0,0,1,0,6
1.0,0,1,0,6
1.0,0,1,0,6
1.6,0,1,0,6
1.4,1,0,0,15
1.4,0,1,0,7
1.4,0,0,1,29
1.5,1,0,0,18
1.5,0,0,0,2
1.8,0,0,1,29
1.8,0,0,1,26
1.8,0,0,1,26
1.9,0,1,0,8
1.6,0,1,0,7
1.6,0,1,0,7
1.6,0,0,0,2
1.6,0,0,0,2
1.6,0,0,1,21
1.6,0,0,1,21
1.1,0,1,0,7
1.4,1,0,0,16
1.1,1,0,0,10
1.1,0,0,1,20
1.4,0,0,1,20
1.8,1,0,0,18
1.6,0,0,0,2
1.9,0,1,0,7
1.3,0,0,1,23
1.7,1,0,0,15
1.7,0,0,0,1
1.7,0,1,0,4
1.7,1,0,0,19
1.6,1,0,0,19
1.6,0,0,1,24
1.6,0,0,1,24
1.7,0,0,1,24
1.7,0,0,1,5
1.7,0,0,1,5
1.7,0,0,1,2
1.7,0,0,1,2
1.7,1,0,0,15
1.0,1,0,0,13
1.0,1,0,0,13
2.2,1,0,0,18
2.2,1,0,0,18
2.2,1,0,0,18
1.7,0,1,0,7
1.7,0,0,1,23
1.5,0,0,0,2
1.6,1,0,0,20
1.5,0,0,1,23
1.0,0,0,0,2
2.0,1,0,0,19
0.1,0,0,1,5
0.1,1,0,0,6
2.3,1,0,0,17
2.3,1,0,0,17
2.3,0,1,0,7
2.3,0,1,0,7
2.3,0,0,1,23
2.3,0,0,1,23
1.5,0,0,0,2
1.5,0,1,0,8
2.0,1,0,0,0
2.0,1,0,0,20
2.0,1,0,0,20
2.0,1,0,0,20
2.0,1,0,0,20
2.0,1,0,0,20
2.0,1,0,0,20
2.0,1,0,0,20
2.0,1,0,0,20
2.0,0,0,1,20
2.3,0,1,0,7
0.1,0,0,1,11
1.0,0,0,1,20
0.3,0,0,1,18
1.6,1,0,0,18
1.7,0,0,1,16
1.7,0,0,0,2
1.7,0,1,0,6
1.8,1,0,0,20
1.8,1,0,0,20
1.8,1,0,0,20
1.5,1,0,0,20
2.3,0,0,0,3
2.3,0,0,1,30
1.9,1,0,0,23
1.8,0,0,0,3
1.9,0,0,1,22
2.3,1,0,0,19
2.1,0,1,0,6
2.1,0,1,0,6
2.3,0,0,0,3
2.3,0,1,0,8
2.1,0,0,0,2
2.2,0,0,1,21
1.6,0,0,1,21
1.9,1,0,0,19
1.9,1,0,0,19
1.6,0,0,1,22
1.6,0,0,1,20
1.5,0,0,1,19
2.3,0,0,1,22
2.3,1,0,0,20
2.3,1,0,0,20
1.8,0,0,1,23
1.7,0,0,1,19
1.7,0,0,1,19
1.8,1,0,0,17
2.3,0,0,0,3
2.3,0,0,0,3
2.3,0,0,1,23
0.6,0,0,1,19
2.2,1,0,0,21
2.2,1,0,0,21
2.0,1,0,0,20
1.9,0,0,1,23
2.3,1,0,0,21
2.2,1,0,0,20
2.3,0,0,0,2
1.8,0,0,1,21
1.0,0,0,1,23
1.6,1,0,0,19
